{"d1_std": -93.0488031212687, "d1_mean": -305.741730628655, "d1_median": -319.45572916666663, "d1_minmax": -273.38020833333337, "d1_std_1": -69.59763155450199, "d1_mean_1": -404.4824561403508, "d1_median_1": -421.5260416666666, "d1_max_1": -283.75, "d1_std_2": -72.25608296336061, "d1_mean_2": -355.0239400584796, "d1_median_2": -370.9401041666667, "d1_min_2": -614.75, "d1_std_wt": -64.332742876388, "d1_mean_wt": -2.2144554093567406, "d1_median_wt": -30.84635416666668, "d1_min_wt": -250.1197916666668, "d1_std_wt_1": -67.50984564773279, "d1_mean_wt_1": -4.6307565789474, "d1_median_wt_1": -30.73958333333333, "d1_max_wt_1": -116.046875, "d1_std_wt_2": -62.447049896616804, "d1_mean_wt_2": -4.11590826023388, "d2_std": -147.0871849881895, "d2_mean": -742.9955226608187, "d2_median": -758.8567708333333, "d2_min": -500.2968749999999, "d2_std_1": -103.66902212132025, "d2_mean_1": -936.5629111842104, "d2_median_1": -957.3333333333333, "d2_max_1": -793.4583333333333, "d2_std_2": -108.06981279774823, "d2_mean_2": -735.9879842836257, "d2_median_2": -747.5104166666666, "d2_std_wt": -113.84466954609564, "d2_mean_wt": -2.5542077850876783, "d2_median_wt": -34.864583333333265, "d2_min_wt": -448.77604166666663, "d2_mean_wt_1": -5.281752558479579, "d2_median_wt_1": -38.64583333333325, "d2_max_wt_1": -222.875, "d2_std_wt_2": -106.43661293063853, "d2_mean_wt_2": -4.900356359649124, "d2_median_wt_2": -33.3437500000001, "slice_std_1": -70.00163079082256, "slice_std_2": -134.58683139876402, "slice_std_1_half": -76.31093005816965, "slice_std_2_half": -149.369045490428, "slice_std_1_med": -70.23594636900555, "slice_std_2_med": -134.14534411198207, "slice_std_1_half_med": -74.70420421733465, "slice_std_2_half_med": -146.22408178696654}