{"d1_std": 462.1915777557436, "d1_mean": 263.0276407163742, "d1_median": 275.94010416666663, "d1_minmax": 1554.1666666666665, "d1_std_1": 338.779554294471, "d1_mean_1": 291.5760233918128, "d1_median_1": 303.30729166666663, "d1_max_1": 472.25, "d1_std_2": 348.1546801410477, "d1_mean_2": 377.74360380116957, "d1_median_2": 407.58072916666663, "d1_min_2": 310.25, "d1_std_wt": 327.7617631214591, "d1_mean_wt": 2.24789839181289, "d1_median_wt": 17.79947916666667, "d1_min_wt": 1283.5208333333335, "d1_std_wt_1": 341.6621292238218, "d1_mean_wt_1": 4.426991959064408, "d1_median_wt_1": 18.51041666666667, "d1_max_wt_1": 626.625, "d1_std_wt_2": 312.99101401014275, "d1_mean_wt_2": 4.3676443713449835, "d2_std": 633.4130780911812, "d2_mean": 702.3239217836257, "d2_median": 713.6640625, "d2_min": 2274.052083333333, "d2_std_1": 450.60450136314233, "d2_mean_1": 833.25689875731, "d2_median_1": 846.6666666666666, "d2_max_1": 1100.3749999999998, "d2_std_2": 460.0188930222056, "d2_mean_2": 731.6052174707602, "d2_median_2": 745.15625, "d2_std_wt": 470.02952036930503, "d2_mean_wt": 2.599849232456089, "d2_median_wt": 32.55208333333329, "d2_min_wt": 1901.5, "d2_mean_wt_1": 5.166712353801215, "d2_median_wt_1": 35.520833333333265, "d2_max_wt_1": 928.0, "d2_std_wt_2": 442.67850914683333, "d2_mean_wt_2": 5.1043951023391925, "d2_median_wt_2": 31.4062500000001, "slice_std_1": 386.0293269478334, "slice_std_2": 576.2094797956274, "slice_std_1_half": 405.5030740195084, "slice_std_2_half": 612.2812389348826, "slice_std_1_med": 378.2288154614386, "slice_std_2_med": 562.2196247280117, "slice_std_1_half_med": 396.96521100213295, "slice_std_2_half_med": 599.389663800033}